Date,DATE,negotiable_debts,BOP,business_insolvencies,firms_creation,natality_rate,unemployment_rate,Valuation,Exch_rate,Deposit facility,Fixed rate,Marginal lending facility,Régression Linéaire_Prediction,Arbre de Décision_Prediction,Forêt Aléatoire_Prediction,AdaBoost_Prediction
0,2009-01-01,1018094.0,55163.0,5758.0,39666.0,12.5,8.2,2.97392,1.2782,1.0,2.0,3.0,,,,
1,2009-02-01,1040865.0,54216.0,5758.0,45656.0,12.3,8.433333333333334,2.70248,1.2669,1.0,2.0,3.0,1018094.0,1018094.0,1018094.0,1018094.0
2,2009-03-01,1063788.0,52910.0,5758.0,57577.0,12.2,8.666666666666666,2.80734,1.3251,0.5,1.5,2.5,1065248.7175981835,1040865.0,1033805.99,1040865.0
3,2009-04-01,1074757.0,52416.0,5316.0,56132.0,12.4,8.9,3.15985,1.3226,0.25,1.25,2.25,1074764.6437231964,1063788.0,1052118.55,1063788.0
4,2009-05-01,1092161.0,54464.0,5316.0,48641.0,12.4,8.9,3.27765,1.4154,0.25,1.0,1.75,1092124.631233608,1074757.0,1061260.09,1074757.0
5,2009-06-01,1121058.0,53710.0,5316.0,53082.0,12.7,8.9,3.14044,1.4036,0.25,1.0,1.75,1121057.9999881398,1092161.0,1077507.63,1074757.0
6,2009-07-01,1115559.0,55106.0,4585.333333333333,48476.0,13.3,8.9,3.42627,1.425,0.25,1.0,1.75,1115559.000017932,1121058.0,1097986.09,1092161.0
7,2009-08-01,1125265.0,53012.0,4585.333333333333,37013.0,12.8,8.966666666666667,3.65354,1.4331,0.25,1.0,1.75,1125264.9999990605,1121058.0,1107247.92,1115559.0
8,2009-09-01,1134363.0,53414.0,4585.333333333333,53745.0,13.2,9.033333333333331,3.79541,1.4636,0.25,1.0,1.75,1134362.9999983092,1115559.0,1116613.02,1121058.0
9,2009-10-01,1140506.0,54845.0,5435.0,56423.0,12.8,9.1,3.60769,1.4718,0.25,1.0,1.75,1140506.0000000591,1134363.0,1123620.15,1125265.0
10,2009-11-01,1153093.0,53388.0,5435.0,49254.0,12.6,9.066666666666666,3.68015,1.5009,0.25,1.0,1.75,1153093.0,1140506.0,1127351.19,1134363.0
11,2009-12-01,1147985.0,55112.0,5435.0,53929.0,12.8,9.033333333333331,3.93633,1.4318,0.25,1.0,1.75,1147985.0,1153093.0,1135782.99,1134363.0
12,2010-01-01,1153361.0,56588.0,5770.0,56338.0,12.5,9.0,3.73946,1.3863,0.25,1.0,1.75,1153361.0,1092161.0,1114765.82,1134363.0
13,2010-02-01,1163819.0,57246.0,5770.0,59406.0,12.7,8.966666666666667,3.7088,1.3626,0.25,1.0,1.75,1163819.0,1140506.0,1140852.63,1150539.0
14,2010-03-01,1183542.0,57790.0,5770.0,70955.0,12.4,8.933333333333334,3.97401,1.3512,0.25,1.0,1.75,1183542.0,1163819.0,1134857.22,1153361.0
15,2010-04-01,1188807.0,59157.0,5092.0,58575.0,12.4,8.9,3.81699,1.3298,0.25,1.0,1.75,1188807.0,1183542.0,1144951.98,1144245.5
16,2010-05-01,1209153.0,59583.0,5092.0,50498.0,12.5,8.9,3.50756,1.2306,0.5,1.25,2.0,1209153.0,1188807.0,1140846.99,1150539.0
17,2010-06-01,1228209.0,61079.0,5092.0,51544.0,12.7,8.9,3.44289,1.2236,0.5,1.25,2.0,1228209.0,1209153.0,1168199.1,1209153.0
18,2010-07-01,1219074.0,61667.0,4244.666666666667,46318.0,13.1,8.9,3.64314,1.3048,0.5,1.25,2.0,1219074.0,1228209.0,1195980.31,1209153.0
19,2010-08-01,1217838.0,60925.0,4244.666666666667,39759.0,12.9,8.866666666666667,3.49079,1.2687,0.5,1.25,2.0,1217838.0,1219074.0,1212852.09,1216397.25
20,2010-09-01,1222640.0,60484.0,4244.666666666667,53789.0,13.1,8.833333333333334,3.71518,1.3633,0.5,1.25,2.0,1222640.0,1219074.0,1198386.54,1209153.0
21,2010-10-01,1222640.0,59730.0,5024.333333333333,56338.0,13.1,8.8,3.8335,1.395,0.5,1.25,2.0,1222640.0,1209153.0,1204584.1,1211875.2857142857
22,2010-11-01,1236832.0,61673.0,5024.333333333333,49679.0,12.9,8.8,3.61044,1.298,0.5,1.25,2.0,1236832.0,1219074.0,1221265.42,1219850.6666666667
23,2010-12-01,1228971.0,60888.0,5024.333333333333,47186.0,12.7,8.8,3.80478,1.3379,0.5,1.25,2.0,1228970.9999999998,1236832.0,1224329.85,1225822.2857142857
24,2011-01-01,1233421.0,63235.0,5643.0,48650.0,12.4,8.8,4.0055,1.3686,0.5,1.25,2.0,1233420.9999999998,1236832.0,1222499.97,1222793.4
25,2011-02-01,1249859.0,64334.0,5643.0,49707.0,12.5,8.766666666666667,4.11035,1.3802,0.5,1.25,2.0,1249859.0,1233421.0,1226727.73,1230778.8
26,2011-03-01,1269708.0,63616.0,5643.0,56523.0,12.1,8.733333333333333,3.98918,1.4165,0.5,1.25,2.0,1269708.0000000002,1236832.0,1238632.76,1233421.0
27,2011-04-01,1270111.0,64041.0,5074.333333333333,48088.0,12.0,8.7,4.10692,1.4799,0.5,1.25,2.0,1270111.0,1269708.0,1252791.07,1249859.0
28,2011-05-01,1293819.0,64712.0,5074.333333333333,49228.0,12.6,8.766666666666666,4.00694,1.4394,0.5,1.25,2.0,1293819.0,1249859.0,1255678.0,1259783.5
29,2011-06-01,1318828.0,65186.0,5074.333333333333,46135.0,12.9,8.833333333333334,3.98221,1.4504,0.75,1.5,2.25,1318828.0,1293819.0,1271510.09,1277745.0
30,2011-07-01,1307892.0,64800.0,4065.6666666666665,42266.0,13.1,8.9,3.67128,1.4395,0.75,1.5,2.25,1307891.9999999998,1318828.0,1299793.5,1306323.5
31,2011-08-01,1307753.0,66162.0,4065.6666666666665,36321.0,12.9,8.933333333333334,3.25676,1.4377,0.75,1.5,2.25,1307753.0,1307892.0,1305646.13,1306323.5
32,2011-09-01,1307505.0,65345.0,4065.6666666666665,49846.0,12.9,8.966666666666667,2.98196,1.3384,0.75,1.5,2.25,1307504.9999999998,1236832.0,1277513.27,1269708.0
33,2011-10-01,1304987.0,65246.0,5082.0,47342.0,12.5,9.0,3.24284,1.3856,0.5,1.25,2.0,1304986.9999999998,1293819.0,1293926.6,1304806.5
34,2011-11-01,1317144.0,67467.0,5082.0,48612.0,12.4,9.033333333333331,3.15462,1.3441,0.5,1.25,2.0,1317144.0,1304987.0,1299365.69,1303589.5
35,2011-12-01,1312980.0,65967.0,5082.0,45811.0,12.3,9.066666666666666,3.15981,1.2945,0.25,1.0,1.75,1312980.0000000002,1317144.0,1306837.08,1309192.4444444445
36,2012-01-01,1315921.0,66687.0,5663.333333333333,51701.0,12.1,9.1,3.29855,1.3078,0.25,1.0,1.75,1315921.0000000002,1270111.0,1305136.6,1307130.857142857
37,2012-02-01,1334184.0,66869.0,5663.333333333333,51180.0,12.3,9.2,3.45245,1.3324,0.25,1.0,1.75,1334184.0000000002,1315921.0,1313733.73,1313390.6
38,2012-03-01,1352174.0,66788.0,5663.333333333333,57561.0,12.1,9.3,3.42381,1.3343,0.25,1.0,1.75,1352174.0,1334184.0,1326849.45,1324403.142857143
39,2012-04-01,1350380.0,66894.0,4867.666666666667,46411.0,12.1,9.4,3.2128,1.324,0.0,0.75,1.5,1350379.9999999998,1352174.0,1330849.81,1338681.5
40,2012-05-01,1374090.0,68568.0,4867.666666666667,44033.0,12.3,9.4,3.01701,1.2356,0.0,0.75,1.5,1374090.0,1334184.0,1345162.34,1342282.0
41,2012-06-01,1394859.0,65537.0,4867.666666666667,51339.0,12.3,9.4,3.19665,1.2658,0.0,0.75,1.5,1394859.0000000002,1350380.0,1355460.22,1351501.25
42,2012-07-01,1386993.0,66887.0,4211.333333333333,43606.0,12.8,9.4,3.29166,1.2303,0.0,0.75,1.5,1386993.0000000002,1394859.0,1371239.01,1374090.0
43,2012-08-01,1382113.0,67925.0,4211.333333333333,38188.0,12.7,9.533333333333331,3.41307,1.2575,0.0,0.75,1.5,1382113.0,1374090.0,1378217.85,1377931.375
44,2012-09-01,1379651.0,68145.0,4211.333333333333,45936.0,12.8,9.666666666666668,3.35482,1.2858,0.0,0.75,1.5,1379651.0,1382113.0,1377578.28,1384474.5
45,2012-10-01,1377315.0,67604.0,5661.333333333333,52489.0,13.0,9.8,3.42927,1.2958,0.0,0.75,1.5,1377315.0,1379651.0,1374804.6,1376177.6666666667
46,2012-11-01,1392637.0,66277.0,5661.333333333333,45324.0,12.5,9.866666666666667,3.55728,1.2984,0.0,0.75,1.5,1392637.0,1394859.0,1380467.92,1370996.8
47,2012-12-01,1386154.0,67242.0,5661.333333333333,39530.0,12.2,9.933333333333334,3.64107,1.3194,0.0,0.75,1.5,1386154.0,1350380.0,1367599.59,1370296.5
48,2013-01-01,1382497.0,66341.0,5538.333333333333,51812.0,12.1,10.0,3.7326,1.3578,0.0,0.5,1.0,1382497.0,1350380.0,1369038.21,1379644.4285714286
49,2013-02-01,1400830.0,67353.0,5538.333333333333,49642.0,12.0,10.033333333333331,3.723,1.3056,0.0,0.5,1.0,1400830.0,1392637.0,1385708.87,1384480.2
50,2013-03-01,1420409.0,67159.0,5538.333333333333,53930.0,11.6,10.066666666666666,3.73142,1.2818,0.0,0.5,1.0,1420409.0000000002,1400830.0,1395500.45,1389431.142857143
51,2013-04-01,1419893.0,69598.0,5216.666666666667,48584.0,11.7,10.1,3.85675,1.3166,0.0,0.5,1.0,1419893.0,1420409.0,1405553.89,1399804.5
52,2013-05-01,1443240.0,67321.0,5216.666666666667,44456.0,12.0,10.033333333333331,3.94859,1.2995,0.0,0.5,1.0,1443240.0000000002,1420409.0,1406511.88,1400703.0
53,2013-06-01,1459237.0,67318.0,5216.666666666667,47955.0,12.1,9.966666666666669,3.73891,1.3008,0.0,0.5,1.0,1459237.0,1420409.0,1418119.01,1425522.4
54,2013-07-01,1442973.0,67842.0,4505.333333333333,45882.0,12.9,9.9,3.99269,1.33,0.0,0.5,1.0,1442972.9999999998,1443240.0,1440394.68,1440403.2
55,2013-08-01,1442668.0,67219.0,4505.333333333333,35922.0,12.6,9.866666666666667,3.93378,1.322,0.0,0.5,1.0,1442668.0000000002,1442973.0,1436421.92,1443499.4
56,2013-09-01,1449987.0,67460.0,4505.333333333333,45499.0,12.7,9.833333333333334,4.14344,1.3524,0.0,0.25,0.75,1449987.0,1442668.0,1442688.98,1438060.6666666667
57,2013-10-01,1445782.0,69340.0,5628.0,55484.0,12.5,9.8,4.29989,1.3582,0.0,0.25,0.75,1445782.0000000002,1442973.0,1440008.75,1439651.0
58,2013-11-01,1459721.0,67904.0,5628.0,46199.0,12.3,9.8,4.29521,1.3589,0.0,0.25,0.75,1459721.0,1459237.0,1448725.84,1440145.3333333333
59,2013-12-01,1457220.0,67923.0,5628.0,41443.0,12.3,9.8,4.29595,1.3745,0.0,0.25,0.75,1457220.0,1459721.0,1454286.59,1446283.0
60,2014-01-01,1454246.0,67953.0,5765.666666666667,54774.0,12.3,9.8,4.16572,1.3485,0.0,0.25,0.75,1454246.0,1459721.0,1455040.6,1438708.888888889
61,2014-02-01,1478113.0,67582.0,5765.666666666667,50080.0,12.3,9.8,4.40808,1.3802,0.0,0.25,0.75,1478113.0,1457220.0,1455719.4,1444478.0909090908
62,2014-03-01,1502246.0,68848.0,5765.666666666667,52605.0,11.9,9.8,4.3915,1.377,-0.1,0.15,0.4,1502245.9999999998,1454246.0,1463831.05,1456708.2727272727
63,2014-04-01,1497062.0,68382.0,5208.0,51301.0,11.5,9.8,4.48739,1.3866,-0.1,0.15,0.4,1497062.0,1478113.0,1484064.4,1476800.0
64,2014-05-01,1516045.0,68296.0,5208.0,47088.0,11.8,9.833333333333334,4.51957,1.363,-0.1,0.15,0.4,1516045.0,1497062.0,1481641.07,1479217.6
65,2014-06-01,1535836.0,69803.0,5208.0,45214.0,12.3,9.866666666666667,4.42284,1.3691,-0.1,0.15,0.4,1535836.0,1516045.0,1497745.74,1499783.5714285714
66,2014-07-01,1525122.0,70191.0,4568.0,49042.0,12.6,9.9,4.24614,1.3388,-0.1,0.15,0.4,1525122.0,1516045.0,1492173.52,1510850.6666666667
67,2014-08-01,1523761.0,69442.0,4568.0,36657.0,12.3,9.966666666666669,4.38104,1.3132,-0.2,0.05,0.3,1523761.0,1525122.0,1521469.36,1513060.357142857
68,2014-09-01,1528186.0,70200.0,4568.0,48402.0,12.8,10.033333333333331,4.41624,1.2631,-0.2,0.05,0.3,1528186.0,1523761.0,1523680.57,1515209.6363636365
69,2014-10-01,1519180.0,71143.0,5313.0,56285.0,12.4,10.1,4.23309,1.2524,-0.2,0.05,0.3,1519180.0,1525122.0,1515457.02,1516108.0
70,2014-11-01,1537494.0,70158.0,5313.0,46052.0,11.9,10.066666666666666,4.39018,1.245,-0.2,0.05,0.3,1537494.0,1528186.0,1522295.31,1520204.0
71,2014-12-01,1527562.0,70905.0,5313.0,45237.0,12.0,10.033333333333331,4.27275,1.2097,-0.2,0.05,0.3,1527562.0,1519180.0,1528331.44,1522651.75
72,2015-01-01,1530034.0,72383.0,6204.0,51352.0,11.8,10.0,4.60425,1.1286,-0.2,0.05,0.3,1530034.0,1527562.0,1522860.21,1520342.7142857143
73,2015-02-01,1542678.0,72105.0,6204.0,48175.0,11.7,10.066666666666666,4.95148,1.1193,-0.2,0.05,0.3,1542678.0,1537494.0,1531782.32,1521241.4615384615
74,2015-03-01,1562642.0,71743.0,6204.0,49659.0,11.2,10.133333333333333,5.03364,1.073,-0.2,0.05,0.3,1562642.0,1542678.0,1538557.01,1526280.9090909092
75,2015-04-01,1558353.0,74486.0,5069.0,51711.0,11.3,10.2,5.04649,1.1222,-0.2,0.05,0.3,1558353.0,1562642.0,1548957.97,1538862.6923076923
76,2015-05-01,1572727.0,74916.0,5069.0,41321.0,11.7,10.133333333333333,5.00789,1.0987,-0.3,0.05,0.3,1572726.9999999998,1542678.0,1551219.83,1541899.142857143
77,2015-06-01,1584862.0,76276.0,5069.0,46703.0,12.1,10.066666666666666,4.7902,1.1135,-0.3,0.05,0.3,1584862.0,1542678.0,1547836.37,1542455.75
78,2015-07-01,1570667.0,75565.0,4423.333333333333,47020.0,12.2,10.0,5.08261,1.0987,-0.3,0.05,0.3,1570666.9999999998,1572727.0,1567130.81,1561599.8333333333
79,2015-08-01,1574116.0,73110.0,4423.333333333333,34361.0,12.0,9.966666666666669,4.65295,1.1211,-0.3,0.05,0.3,1574116.0000000002,1584862.0,1554546.8,1551357.357142857
80,2015-09-01,1589256.0,74752.0,4423.333333333333,48853.0,12.4,9.933333333333334,4.45529,1.1176,-0.3,0.05,0.3,1589256.0000000002,1558353.0,1564250.42,1554251.6153846155
81,2015-10-01,1579648.0,74085.0,5340.666666666667,55202.0,12.0,9.9,4.89766,1.1005,-0.3,0.05,0.3,1579648.0,1584862.0,1575977.5,1566702.0
82,2015-11-01,1583972.0,74039.0,5340.666666666667,42708.0,11.7,9.9,4.9576,1.0563,-0.3,0.05,0.3,1583972.0,1579648.0,1577364.02,1561898.625
83,2015-12-01,1576372.0,74533.0,5340.666666666667,47680.0,11.6,9.9,4.63706,1.086,-0.3,0.05,0.3,1576372.0000000002,1572727.0,1575127.1,1573155.0
84,2016-01-01,1596059.0,74255.0,5558.0,52542.0,11.5,9.9,4.41702,1.0834,-0.3,0.05,0.3,1596059.0,1589256.0,1580343.65,1571048.1875
85,2016-02-01,1588594.0,73869.0,5558.0,53401.0,11.3,9.833333333333334,4.35355,1.0871,-0.4,0.0,0.25,1588594.0,1596059.0,1587589.47,1575938.6470588236
86,2016-03-01,1611199.0,71837.0,5558.0,56517.0,10.9,9.766666666666666,4.38506,1.1378,-0.4,0.0,0.25,1611199.0,1596059.0,1569434.69,1561616.4166666667
87,2016-04-01,1604863.0,74000.0,5067.666666666667,54764.0,10.8,9.7,4.42896,1.1454,-0.4,0.0,0.25,1604863.0,1611199.0,1593467.54,1585504.625
88,2016-05-01,1624662.0,75036.0,5067.666666666667,47221.0,11.4,9.666666666666666,4.50562,1.1129,-0.4,0.0,0.25,1624661.9999999998,1596059.0,1596605.14,1584428.8461538462
89,2016-06-01,1638566.0,72831.0,5067.666666666667,52772.0,11.9,9.633333333333333,4.23748,1.1104,-0.4,0.0,0.25,1638566.0000000002,1604863.0,1605300.42,1602089.142857143
90,2016-07-01,1624253.0,73313.0,3890.3333333333335,45559.0,12.3,9.6,4.43981,1.117,-0.4,0.0,0.25,1624252.9999999998,1638566.0,1622217.77,1598556.0588235294
91,2016-08-01,1623686.0,74511.0,3890.3333333333335,37018.0,11.9,9.666666666666666,4.43822,1.1156,-0.4,0.0,0.25,1623686.0,1624253.0,1620395.59,1597710.3157894737
92,2016-09-01,1636208.0,73900.0,3890.3333333333335,51739.0,12.0,9.733333333333334,4.44826,1.1238,-0.4,0.0,0.25,1636208.0,1638566.0,1622122.89,1618428.5714285714
93,2016-10-01,1624639.0,73075.0,4869.0,52338.0,11.8,9.8,4.50926,1.0979,-0.4,0.0,0.25,1624639.0,1596059.0,1616713.78,1613584.1538461538
94,2016-11-01,1626685.0,74443.0,4869.0,48518.0,11.4,9.633333333333336,4.57834,1.0585,-0.4,0.0,0.25,1626684.9999999998,1624662.0,1623780.47,1594592.8666666667
95,2016-12-01,1620597.0,77767.0,4869.0,51151.0,11.2,9.466666666666669,4.86231,1.0513,-0.4,0.0,0.25,1620597.0,1626685.0,1617163.31,1611307.6666666667
96,2017-01-01,1648813.0,74729.0,5279.666666666667,56353.0,11.0,9.3,4.7489,1.0795,-0.4,0.0,0.25,1648813.0000000002,1638566.0,1602454.69,1614855.4615384615
97,2017-02-01,1650777.0,76067.0,5279.666666666667,55073.0,11.1,9.266666666666667,4.85858,1.0575,-0.4,0.0,0.25,1650777.0000000005,1648813.0,1626746.44,1625094.2727272727
98,2017-03-01,1673910.0,78676.0,5279.666666666667,63199.0,10.7,9.233333333333333,5.12251,1.0649,-0.4,0.0,0.25,1673910.0000000002,1650777.0,1633870.68,1628404.0
99,2017-04-01,1663016.0,76434.0,4583.333333333333,52301.0,10.8,9.2,5.26733,1.0895,-0.4,0.0,0.25,1663016.0,1650777.0,1634239.68,1638496.2666666666
100,2017-05-01,1691097.0,78225.0,4583.333333333333,50323.0,11.3,9.2,5.28363,1.1241,-0.4,0.0,0.25,1691096.9999999998,1663016.0,1653399.85,1647280.125
101,2017-06-01,1700667.0,77555.0,4583.333333333333,55340.0,11.3,9.2,5.12068,1.1423,-0.4,0.0,0.25,1700667.0000000002,1691097.0,1673721.02,1664396.5384615385
102,2017-07-01,1682900.0,76588.0,3607.6666666666665,50789.0,11.9,9.2,5.09377,1.184,-0.4,0.0,0.25,1682900.0,1700667.0,1678041.87,1677876.1538461538
103,2017-08-01,1687171.0,77669.0,3607.6666666666665,43588.0,11.8,9.033333333333331,5.08559,1.1908,-0.4,0.0,0.25,1687171.0,1691097.0,1686936.15,1672862.5
104,2017-09-01,1703850.0,78857.0,3607.6666666666665,56757.0,11.6,8.866666666666665,5.32981,1.1812,-0.4,0.0,0.25,1703850.0000000002,1700667.0,1691142.79,1674492.4166666667
105,2017-10-01,1680196.0,78571.0,4719.666666666667,61112.0,11.6,8.7,5.50329,1.1644,-0.4,0.0,0.25,1680196.0,1682900.0,1687127.55,1677385.7142857143
106,2017-11-01,1691635.0,78320.0,4719.666666666667,58113.0,11.4,8.799999999999999,5.37279,1.1902,-0.4,0.0,0.25,1691635.0,1691097.0,1688024.61,1686323.0909090908
107,2017-12-01,1686112.0,79684.0,4719.666666666667,54643.0,11.0,8.9,5.31256,1.1996,-0.4,0.0,0.25,1686111.9999999998,1673910.0,1685418.73,1670584.0
108,2018-01-01,1709979.0,80761.0,4804.333333333333,64422.0,10.8,9.0,5.48193,1.242,-0.5,0.0,0.25,1709979.0000000002,1703850.0,1679644.78,1680286.5555555555
109,2018-02-01,1708857.0,79520.0,4804.333333333333,63213.0,10.6,8.933333333333334,5.32049,1.2193,-0.5,0.0,0.25,1708857.0,1709979.0,1703702.77,1688058.8181818181
110,2018-03-01,1724941.0,81865.0,4804.333333333333,71574.0,10.2,8.866666666666667,5.1673,1.2321,-0.5,0.0,0.25,1724941.0,1708857.0,1706059.61,1685068.0
111,2018-04-01,1718405.0,82172.0,4464.666666666667,59761.0,10.4,8.8,5.5205,1.2077,-0.5,0.0,0.25,1718405.0,1724941.0,1708523.33,1699731.7857142857
112,2018-05-01,1720949.0,79247.0,4464.666666666667,58648.0,11.1,8.733333333333334,5.3984,1.169,-0.5,0.0,0.25,1720949.0,1700667.0,1707667.88,1697489.6666666667
113,2018-06-01,1741860.0,82971.0,4464.666666666667,67192.0,11.3,8.666666666666666,5.32353,1.1683,-0.5,0.0,0.25,1741860.0000000002,1724941.0,1716962.0,1701549.642857143
114,2018-07-01,1752246.0,85498.0,3840.0,56828.0,11.7,8.6,5.5113,1.1691,-0.5,0.0,0.25,1752245.9999999998,1741860.0,1726905.71,1707951.3684210526
115,2018-08-01,1751238.0,82719.0,3840.0,49994.0,11.6,8.566666666666666,5.40685,1.1599,-0.5,0.0,0.25,1751237.9999999998,1752246.0,1738551.88,1717203.294117647
116,2018-09-01,1771633.0,83168.0,3840.0,63142.0,11.6,8.533333333333333,5.49349,1.1608,-0.5,0.0,0.25,1771633.0,1751238.0,1744929.22,1719508.25
117,2018-10-01,1759577.0,85398.0,4904.666666666667,73602.0,11.5,8.5,5.09344,1.131,-0.5,0.0,0.25,1759577.0000000002,1771633.0,1748327.69,1753085.111111111
118,2018-11-01,1760076.0,83339.0,4904.666666666667,63341.0,11.2,8.5,5.00392,1.1315,-0.5,0.0,0.25,1760076.0000000002,1771633.0,1748180.21,1743494.0
119,2018-12-01,1756400.0,83502.0,4904.666666666667,57613.0,10.8,8.5,4.73069,1.1469,-0.5,0.0,0.25,1756400.0,1760076.0,1745670.05,1740007.1176470588
120,2019-01-01,1770987.0,86263.0,4855.0,79200.0,10.8,8.5,4.99272,1.1444,-0.5,0.0,0.25,1770986.9999999998,1756400.0,1760011.87,1737048.642857143
121,2019-02-01,1785808.0,85891.0,4855.0,73123.0,10.4,8.4,5.24053,1.137,-0.5,0.0,0.25,1785807.9999999998,1770987.0,1762728.56,1744042.0666666667
122,2019-03-01,1798149.0,87099.0,4855.0,80467.0,10.2,8.299999999999999,5.35053,1.1217,-0.5,0.0,0.25,1798148.9999999998,1785808.0,1774167.19,1760627.5384615385
123,2019-04-01,1790253.0,87140.0,4286.666666666667,69205.0,10.4,8.2,5.58641,1.1215,-0.5,0.0,0.25,1790253.0,1798149.0,1782626.87,1774453.2307692308
124,2019-05-01,1792621.0,88896.0,4286.666666666667,72078.0,10.9,8.166666666666666,5.20763,1.1167,-0.5,0.0,0.25,1792621.0,1771633.0,1783058.69,1765496.3846153845
125,2019-06-01,1814228.0,85850.0,4286.666666666667,67290.0,11.2,8.133333333333333,5.53897,1.1368,-0.5,0.0,0.25,1814227.9999999998,1785808.0,1784221.99,1771079.0714285714
126,2019-07-01,1827956.0,86283.0,3476.6666666666665,71371.0,11.7,8.1,5.5189,1.1074,-0.5,0.0,0.25,1827955.9999999998,1792621.0,1799145.55,1783697.1764705882
127,2019-08-01,1835984.0,86749.0,3476.6666666666665,56705.0,11.4,8.033333333333333,5.48048,1.0989,-0.5,0.0,0.25,1835984.0000000002,1827956.0,1812333.1,1786199.4166666667
128,2019-09-01,1853917.0,85803.0,3476.6666666666665,70551.0,11.5,7.966666666666667,5.67779,1.0898,-0.5,0.0,0.25,1853917.0000000007,1814228.0,1823743.17,1800110.4444444445
129,2019-10-01,1831331.0,86680.0,4430.0,85714.0,11.3,7.9,5.72986,1.115,-0.5,0.0,0.25,1831331.0000000002,1835984.0,1820467.5,1818701.2777777778
130,2019-11-01,1825957.0,86164.0,4430.0,72257.0,10.9,7.833333333333334,5.90517,1.1015,-0.5,0.0,0.25,1825957.0000000002,1827956.0,1827643.07,1816061.4615384615
131,2019-12-01,1822805.0,84233.0,4430.0,66596.0,10.8,7.766666666666667,5.97806,1.121,-0.5,0.0,0.25,1822804.9999999998,1853917.0,1823866.72,1816337.4705882352
132,2020-01-01,1837897.0,77222.0,3532.0,84018.0,10.7,7.7,5.80634,1.1093,-0.5,0.0,0.25,1837897.0,1825957.0,1799297.85,1817208.3333333333
133,2020-02-01,1848465.0,79684.0,3532.0,77754.0,10.3,7.5,5.3099,1.1025,-0.5,0.0,0.25,1848465.0000000002,1853917.0,1821118.06,1809216.294117647
134,2020-03-01,1872738.0,70700.0,3532.0,59021.0,10.4,7.3,4.39612,1.1029,-0.5,0.0,0.25,1872738.0,1853917.0,1819316.45,1827684.5384615385
135,2020-04-01,1895456.0,56734.0,1939.6666666666667,38242.0,10.1,7.1,4.57218,1.0955,-0.5,0.0,0.25,1895456.0,1853917.0,1831655.31,1834693.0
136,2020-05-01,1929586.0,60214.0,1939.6666666666667,54202.0,10.6,7.633333333333333,4.69544,1.1098,-0.5,0.0,0.25,1929585.9999999993,1895456.0,1856200.33,1859840.0625
137,2020-06-01,1980985.0,65916.0,1939.6666666666667,76857.0,10.9,8.166666666666666,4.93599,1.1231,-0.5,0.0,0.25,1980985.0,1929586.0,1858099.5,1857958.391304348
138,2020-07-01,1991911.0,69784.0,2276.6666666666665,86167.0,11.3,8.7,4.78369,1.1774,-0.5,0.0,0.25,1991911.0000000005,1980985.0,1863766.99,1918264.75
139,2020-08-01,2004083.0,69668.0,2276.6666666666665,65938.0,10.9,8.433333333333334,4.94722,1.1936,-0.5,0.0,0.25,2004083.0000000005,1980985.0,1954364.64,1952327.142857143
140,2020-09-01,2015454.0,72183.0,2276.6666666666665,91640.0,11.2,8.166666666666666,4.80344,1.1718,-0.5,0.0,0.25,2015454.0,1991911.0,1966195.42,1972876.2857142857
141,2020-10-01,1995305.0,72763.0,2657.333333333333,99786.0,11.0,7.9,4.59424,1.1647,-0.5,0.0,0.25,1995305.0000000005,1991911.0,1980329.92,1966701.0
142,2020-11-01,1998779.0,74230.0,2657.333333333333,81964.0,10.4,7.933333333333334,5.51855,1.1928,-0.5,0.0,0.25,1998779.0,1991911.0,1975377.06,1983473.1666666667
143,2020-12-01,2001014.0,75700.0,2657.333333333333,84580.0,10.0,7.966666666666667,5.55141,1.2213,-0.5,0.0,0.25,2001013.9999999998,1998779.0,1984347.04,1979209.9333333333
144,2021-01-01,2032414.0,80606.0,2471.0,91672.0,9.2,8.0,5.39921,1.2136,-0.5,0.0,0.25,2032414.0,2015454.0,1978219.85,1986331.1333333333
145,2021-02-01,2033490.0,80777.0,2471.0,93159.0,9.8,7.9,5.70322,1.2074,-0.5,0.0,0.25,2033490.0000000005,2032414.0,2012424.26,2005058.652173913
146,2021-03-01,2063954.0,83722.0,2471.0,102759.0,10.4,7.8,6.06723,1.1728,0.0,0.5,0.75,2063953.9999999998,2033490.0,1904695.93,1992032.0909090908
147,2021-04-01,2051107.0,81957.0,2220.6666666666665,93373.0,10.6,7.7,6.26948,1.2018,0.0,0.5,0.75,2051107.0000000002,2063954.0,2003314.5,2032386.1764705882
148,2021-05-01,2057480.0,81767.0,2220.6666666666665,82403.0,10.4,7.7,6.44717,1.2225,0.0,0.5,0.75,2057480.0000000002,2051107.0,2037496.49,2025769.111111111
149,2021-06-01,2084404.0,85832.0,2220.6666666666665,92178.0,10.7,7.7,6.50783,1.1855,0.0,0.5,0.75,2084403.9999999998,2063954.0,2044015.8,2025735.875
150,2021-07-01,2110887.0,84608.0,1811.3333333333333,82504.0,11.3,7.7,6.61276,1.187,0.0,0.5,0.75,2110887.0,2084404.0,2057165.09,2033708.6470588236
151,2021-08-01,2126280.0,86341.0,1811.3333333333333,63866.0,11.2,7.566666666666666,6.68018,1.1807,0.0,0.5,0.75,2126280.0000000005,2110887.0,2074797.23,2055866.142857143
152,2021-09-01,2147505.0,87450.0,1811.3333333333333,87597.0,11.5,7.433333333333334,6.52001,1.1581,0.0,0.5,0.75,2147505.0,2110887.0,2087863.07,2082254.8333333333
153,2021-10-01,2131133.0,89998.0,2693.0,96203.0,11.4,7.3,6.83034,1.1561,0.0,0.5,0.75,2131133.0,2110887.0,2112783.37,2105868.625
154,2021-11-01,2151245.0,92366.0,2693.0,78974.0,11.1,7.266666666666667,6.72116,1.1336,0.0,0.5,0.75,2151245.000000001,2147505.0,2110548.06,2101553.3636363638
155,2021-12-01,2145121.0,91896.0,2693.0,85832.0,11.0,7.233333333333333,7.15303,1.1368,0.0,0.5,0.75,2145121.0,2151245.0,2138078.61,2109039.875
156,2022-01-01,2166809.0,100037.0,3356.0,93732.0,10.3,7.2,6.9992,1.1233,0.0,0.5,0.75,2166808.9999999995,2151245.0,2040685.23,2100588.222222222
157,2022-02-01,2178966.0,98100.0,3356.0,89186.0,10.5,7.2,6.65883,1.1219,0.0,0.5,0.75,2178966.0,2166809.0,2130113.57,2107517.736842105
158,2022-03-01,2209529.0,99226.0,3356.0,102471.0,10.2,7.2,6.65987,1.1065,0.0,0.5,0.75,2209529.0,2178966.0,2156475.47,2141230.0833333335
159,2022-04-01,2189180.0,100528.0,3326.0,87975.0,10.0,7.2,6.53377,1.0541,0.0,0.5,0.75,2189180.0,2209529.0,2171548.22,2159884.1875
160,2022-05-01,2188750.0,101778.0,3326.0,78553.0,10.5,7.133333333333334,6.4688,1.0733,0.0,0.5,0.75,2188749.999999999,2189180.0,2128960.29,2165109.8181818184
161,2022-06-01,2219805.0,105317.0,3326.0,85854.0,10.8,7.066666666666666,5.92286,1.0482,0.0,0.5,0.75,2219805.0,2189180.0,2138851.37,2140322.923076923
162,2022-07-01,2226743.0,103736.0,3086.333333333333,81575.0,11.0,7.0,6.4485,1.0218,0.0,0.5,0.75,2226742.9999999995,2219805.0,2193362.32,2181086.090909091
163,2022-08-01,2236896.0,108420.0,3086.333333333333,70290.0,10.9,7.0,6.1251,1.0057,0.0,0.5,0.75,2236896.0,2226743.0,2207377.93,2175912.9696969697
164,2022-09-01,2257791.0,108725.0,3086.333333333333,95607.0,10.5,7.0,5.76234,0.9799,0.75,1.25,1.5,2257790.9999999995,2226743.0,2219206.61,2187847.3684210526
165,2022-10-01,2246912.0,107529.0,4003.0,98429.0,10.3,7.0,6.26677,0.9883,0.75,1.25,1.5,2246912.0,2236896.0,2168935.12,2205877.3684210526
166,2022-11-01,2266628.0,103829.0,4003.0,88689.0,10.4,6.966666666666667,6.73855,1.0405,1.5,2.0,2.25,2266628.0,2209529.0,2187423.9,2187061.117647059
167,2022-12-01,2277811.0,104521.0,4003.0,89608.0,10.0,6.933333333333334,6.47376,1.0702,2.0,2.5,2.75,2277811.0,2246912.0,2230638.92,2237343.909090909
168,2023-01-01,2297631.0,109080.0,4872.0,89832.0,9.6,6.9,7.08242,1.0862,2.0,2.5,2.75,2297631.0,2277811.0,2255323.47,2237230.8333333335
169,2023-02-01,2319193.0,109849.0,4872.0,85940.0,9.8,6.933333333333334,7.26793,1.0576,2.5,3.0,3.25,2319193.0000000005,2297631.0,2275839.95,2259150.8125
170,2023-03-01,2328956.0,109785.0,4872.0,99475.0,9.4,6.966666666666667,7.32239,1.0839,3.0,3.5,3.75,2328956.0,2297631.0,2302112.66,2284137.5
171,2023-04-01,2352050.0,109339.0,4488.666666666667,85602.0,9.3,7.0,7.4915,1.102,3.0,3.5,3.75,2352049.9999999995,2328956.0,2302683.61,2276647.0588235296
